time window size,time step size Mass-Left,time step size Mass-Right
0.2,0.04,0.002
0.1,0.02,0.001
0.05,0.01,0.0005
0.025,0.005,0.00025
0.0125,0.0025,0.000125